station_id,station_name,Latitude,Longitude,AOD_20250404_0000,AOD_20250404_0030,AOD_20250404_0020,AOD_20250404_0050,AOD_20250404_0040,AOD_20250404_0010,AOD_20250404_0140,AOD_20250404_0110,AOD_20250404_0120,AOD_20250404_0100,AOD_20250404_0150,AOD_20250404_0130,AOD_20250404_0200,AOD_20250404_0250,AOD_20250404_0230,AOD_20250404_0210,AOD_20250404_0220,AOD_20250404_0300,AOD_20250404_0340,AOD_20250404_0320,AOD_20250404_0330,AOD_20250404_0350,AOD_20250404_0310,AOD_20250404_0420,AOD_20250404_0400,AOD_20250404_0430,AOD_20250404_0440,AOD_20250404_0410,AOD_20250404_0450,AOD_20250404_0500,AOD_20250404_0520,AOD_20250404_0530,AOD_20250404_0540,AOD_20250404_0510,AOD_20250404_0550,AOD_20250404_0600,AOD_20250404_0610,AOD_20250404_0640,AOD_20250404_0630,AOD_20250404_0620,AOD_20250404_0650,AOD_20250404_0730,AOD_20250404_0720,AOD_20250404_0700,AOD_20250404_0710,AOD_20250404_0740,AOD_20250404_0750,AOD_20250404_0800,AOD_20250404_0810,AOD_20250404_0820,AOD_20250404_0830,AOD_20250404_0850,AOD_20250404_0840,AOD_20250404_0930,AOD_20250404_0900,AOD_20250404_0920,AOD_20250404_0910,AOD_20250404_0950,AOD_20250404_0940,AOD_20250404_1050,AOD_20250404_1030,AOD_20250404_1000,AOD_20250404_1040,AOD_20250404_1020,AOD_20250404_1010,AOD_20250404_1140,AOD_20250404_1150,AOD_20250404_1120,AOD_20250404_1100,AOD_20250404_1110,AOD_20250404_1130,AOD_20250404_1250,AOD_20250404_1220,AOD_20250404_1240,AOD_20250404_1230,AOD_20250404_1210,AOD_20250404_1200,AOD_20250404_1340,AOD_20250404_1320,AOD_20250404_1300,AOD_20250404_1350,AOD_20250404_1330,AOD_20250404_1310,AOD_20250404_1400,AOD_20250404_1410,AOD_20250404_1420,AOD_20250404_1450,AOD_20250404_1430,AOD_20250404_1510,AOD_20250404_1540,AOD_20250404_1500,AOD_20250404_1520,AOD_20250404_1550,AOD_20250404_1530,AOD_20250404_1640,AOD_20250404_1630,AOD_20250404_1600,AOD_20250404_1620,AOD_20250404_1610,AOD_20250404_1650,AOD_20250404_1710,AOD_20250404_1740,AOD_20250404_1700,AOD_20250404_1730,AOD_20250404_1720,AOD_20250404_1750,AOD_20250404_1840,AOD_20250404_1850,AOD_20250404_1800,AOD_20250404_1830,AOD_20250404_1820,AOD_20250404_1810,AOD_20250404_1950,AOD_20250404_1930,AOD_20250404_1920,AOD_20250404_1910,AOD_20250404_1940,AOD_20250404_1900,AOD_20250404_2050,AOD_20250404_2030,AOD_20250404_2000,AOD_20250404_2040,AOD_20250404_2010,AOD_20250404_2020,AOD_20250404_2120,AOD_20250404_2140,AOD_20250404_2150,AOD_20250404_2100,AOD_20250404_2110,AOD_20250404_2130,AOD_20250404_2250,AOD_20250404_2220,AOD_20250404_2200,AOD_20250404_2210,AOD_20250404_2230,AOD_20250404_2240,AOD_20250404_2310,AOD_20250404_2300,AOD_20250404_2350,AOD_20250404_2330,AOD_20250404_2340,AOD_20250404_2320,AOD_20250405_0000,AOD_20250405_0020,AOD_20250405_0040,AOD_20250405_0030,AOD_20250405_0050,AOD_20250405_0010,AOD_20250405_0130,AOD_20250405_0150,AOD_20250405_0140,AOD_20250405_0110,AOD_20250405_0100,AOD_20250405_0120,AOD_20250405_0210,AOD_20250405_0250,AOD_20250405_0220,AOD_20250405_0200,AOD_20250405_0230,AOD_20250405_0330,AOD_20250405_0340,AOD_20250405_0310,AOD_20250405_0300,AOD_20250405_0350,AOD_20250405_0320,AOD_20250405_0410,AOD_20250405_0420,AOD_20250405_0440,AOD_20250405_0430,AOD_20250405_0450,AOD_20250405_0400,AOD_20250405_0540,AOD_20250405_0520,AOD_20250405_0510,AOD_20250405_0550,AOD_20250405_0530,AOD_20250405_0500,AOD_20250405_0620,AOD_20250405_0630,AOD_20250405_0640,AOD_20250405_0600,AOD_20250405_0650,AOD_20250405_0610,AOD_20250405_0720,AOD_20250405_0750,AOD_20250405_0700,AOD_20250405_0710,AOD_20250405_0740,AOD_20250405_0730,AOD_20250405_0830,AOD_20250405_0820,AOD_20250405_0850,AOD_20250405_0810,AOD_20250405_0840,AOD_20250405_0800,AOD_20250405_0920,AOD_20250405_0950,AOD_20250405_0930,AOD_20250405_0940,AOD_20250405_0900,AOD_20250405_0910,AOD_20250405_1050,AOD_20250405_1000,AOD_20250405_1030,AOD_20250405_1040,AOD_20250405_1010,AOD_20250405_1020,AOD_20250405_1150,AOD_20250405_1140,AOD_20250405_1100,AOD_20250405_1110,AOD_20250405_1120,AOD_20250405_1130,AOD_20250405_1250,AOD_20250405_1210,AOD_20250405_1230,AOD_20250405_1220,AOD_20250405_1240,AOD_20250405_1200,AOD_20250405_1330,AOD_20250405_1340,AOD_20250405_1310,AOD_20250405_1320,AOD_20250405_1350,AOD_20250405_1300,AOD_20250405_1450,AOD_20250405_1400,AOD_20250405_1430,AOD_20250405_1410,AOD_20250405_1420,AOD_20250405_1500,AOD_20250405_1540,AOD_20250405_1510,AOD_20250405_1550,AOD_20250405_1520,AOD_20250405_1530,AOD_20250405_1600,AOD_20250405_1610,AOD_20250405_1620,AOD_20250405_1650,AOD_20250405_1640,AOD_20250405_1630,AOD_20250405_1750,AOD_20250405_1700,AOD_20250405_1710,AOD_20250405_1740,AOD_20250405_1730,AOD_20250405_1720,AOD_20250405_1820,AOD_20250405_1800,AOD_20250405_1850,AOD_20250405_1830,AOD_20250405_1810,AOD_20250405_1840,AOD_20250405_1930,AOD_20250405_1900,AOD_20250405_1950,AOD_20250405_1920,AOD_20250405_1910,AOD_20250405_1940,AOD_20250405_2030,AOD_20250405_2050,AOD_20250405_2000,AOD_20250405_2010,AOD_20250405_2040,AOD_20250405_2020,AOD_20250405_2120,AOD_20250405_2140,AOD_20250405_2130,AOD_20250405_2100,AOD_20250405_2150,AOD_20250405_2110,AOD_20250405_2210,AOD_20250405_2200,AOD_20250405_2250,AOD_20250405_2240,AOD_20250405_2230,AOD_20250405_2220,AOD_20250405_2300,AOD_20250405_2310,AOD_20250405_2330,AOD_20250405_2320,AOD_20250405_2350,AOD_20250405_2340,AOD_20250406_0000,AOD_20250406_0030,AOD_20250406_0020,AOD_20250406_0050,AOD_20250406_0010,AOD_20250406_0040,AOD_20250406_0100,AOD_20250406_0150,AOD_20250406_0110,AOD_20250406_0120,AOD_20250406_0130,AOD_20250406_0140,AOD_20250406_0200,AOD_20250406_0230,AOD_20250406_0250,AOD_20250406_0220,AOD_20250406_0210,AOD_20250406_0320,AOD_20250406_0300,AOD_20250406_0340,AOD_20250406_0350,AOD_20250406_0330,AOD_20250406_0310,AOD_20250406_0420,AOD_20250406_0450,AOD_20250406_0430,AOD_20250406_0440,AOD_20250406_0400,AOD_20250406_0410,AOD_20250406_0520,AOD_20250406_0510,AOD_20250406_0530,AOD_20250406_0550,AOD_20250406_0500,AOD_20250406_0540,AOD_20250406_0630,AOD_20250406_0620,AOD_20250406_0650,AOD_20250406_0640,AOD_20250406_0600,AOD_20250406_0610,AOD_20250406_0740,AOD_20250406_0700,AOD_20250406_0710,AOD_20250406_0750,AOD_20250406_0720,AOD_20250406_0730,AOD_20250406_0810,AOD_20250406_0820,AOD_20250406_0850,AOD_20250406_0840,AOD_20250406_0800,AOD_20250406_0830,AOD_20250406_0950,AOD_20250406_0910,AOD_20250406_0900,AOD_20250406_0940,AOD_20250406_0920,AOD_20250406_0930,AOD_20250406_1040,AOD_20250406_1020,AOD_20250406_1000,AOD_20250406_1050,AOD_20250406_1010,AOD_20250406_1030,AOD_20250406_1100,AOD_20250406_1140,AOD_20250406_1110,AOD_20250406_1130,AOD_20250406_1150,AOD_20250406_1120,AOD_20250406_1240,AOD_20250406_1200,AOD_20250406_1210,AOD_20250406_1250,AOD_20250406_1230,AOD_20250406_1220,AOD_20250406_1330,AOD_20250406_1350,AOD_20250406_1300,AOD_20250406_1340,AOD_20250406_1320,AOD_20250406_1310,AOD_20250406_1400,AOD_20250406_1430,AOD_20250406_1420,AOD_20250406_1410,AOD_20250406_1450,AOD_20250406_1550,AOD_20250406_1520,AOD_20250406_1540,AOD_20250406_1510,AOD_20250406_1500,AOD_20250406_1530,AOD_20250406_1650,AOD_20250406_1600,AOD_20250406_1620,AOD_20250406_1640,AOD_20250406_1630,AOD_20250406_1610,AOD_20250406_1720,AOD_20250406_1710,AOD_20250406_1740,AOD_20250406_1700,AOD_20250406_1730,AOD_20250406_1750,AOD_20250406_1840,AOD_20250406_1830,AOD_20250406_1820,AOD_20250406_1810,AOD_20250406_1850,AOD_20250406_1800,AOD_20250406_1900,AOD_20250406_1940,AOD_20250406_1910,AOD_20250406_1920,AOD_20250406_1930,AOD_20250406_1950,AOD_20250406_2020,AOD_20250406_2050,AOD_20250406_2010,AOD_20250406_2000,AOD_20250406_2030,AOD_20250406_2040,AOD_20250406_2140,AOD_20250406_2150,AOD_20250406_2100,AOD_20250406_2120,AOD_20250406_2130,AOD_20250406_2110,AOD_20250406_2230,AOD_20250406_2250,AOD_20250406_2200,AOD_20250406_2210,AOD_20250406_2240,AOD_20250406_2220,AOD_20250406_2320,AOD_20250406_2330,AOD_20250406_2310,AOD_20250406_2300,AOD_20250406_2350,AOD_20250406_2340,AOD_20250407_0050,AOD_20250407_0030,AOD_20250407_0040,AOD_20250407_0020,AOD_20250407_0000,AOD_20250407_0010,AOD_20250407_0150,AOD_20250407_0130,AOD_20250407_0120,AOD_20250407_0100,AOD_20250407_0110,AOD_20250407_0140,AOD_20250407_0220,AOD_20250407_0200,AOD_20250407_0250,AOD_20250407_0210,AOD_20250407_0230,AOD_20250407_0320,AOD_20250407_0300,AOD_20250407_0330,AOD_20250407_0340,AOD_20250407_0350,AOD_20250407_0310,AOD_20250407_0450,AOD_20250407_0440,AOD_20250407_0410,AOD_20250407_0400,AOD_20250407_0430,AOD_20250407_0420,AOD_20250407_0500,AOD_20250407_0540,AOD_20250407_0510,AOD_20250407_0550,AOD_20250407_0530,AOD_20250407_0520,AOD_20250407_0610,AOD_20250407_0650,AOD_20250407_0600,AOD_20250407_0620,AOD_20250407_0640,AOD_20250407_0630,AOD_20250407_0750,AOD_20250407_0720,AOD_20250407_0730,AOD_20250407_0710,AOD_20250407_0740,AOD_20250407_0700,AOD_20250407_0800,AOD_20250407_0850,AOD_20250407_0820,AOD_20250407_0830,AOD_20250407_0810,AOD_20250407_0840,AOD_20250407_0930,AOD_20250407_0920,AOD_20250407_0940,AOD_20250407_0950,AOD_20250407_0900,AOD_20250407_0910,AOD_20250407_1000,AOD_20250407_1040,AOD_20250407_1030,AOD_20250407_1050,AOD_20250407_1010,AOD_20250407_1020,AOD_20250407_1120,AOD_20250407_1140,AOD_20250407_1110,AOD_20250407_1130,AOD_20250407_1150,AOD_20250407_1100,AOD_20250407_1240,AOD_20250407_1200,AOD_20250407_1220,AOD_20250407_1250,AOD_20250407_1210,AOD_20250407_1230,AOD_20250407_1350,AOD_20250407_1340,AOD_20250407_1310,AOD_20250407_1320,AOD_20250407_1300,AOD_20250407_1330,AOD_20250407_1420,AOD_20250407_1430,AOD_20250407_1450,AOD_20250407_1410,AOD_20250407_1400,AOD_20250407_1500,AOD_20250407_1530,AOD_20250407_1510,AOD_20250407_1540,AOD_20250407_1550,AOD_20250407_1520,AOD_20250407_1630,AOD_20250407_1620,AOD_20250407_1640,AOD_20250407_1650,AOD_20250407_1600,AOD_20250407_1610,AOD_20250407_1740,AOD_20250407_1750,AOD_20250407_1720,AOD_20250407_1700,AOD_20250407_1710,AOD_20250407_1730,AOD_20250407_1810,AOD_20250407_1830,AOD_20250407_1850,AOD_20250407_1820,AOD_20250407_1840,AOD_20250407_1800,AOD_20250407_1950,AOD_20250407_1920,AOD_20250407_1930,AOD_20250407_1900,AOD_20250407_1910,AOD_20250407_2000,AOD_20250407_2050,AOD_20250407_2030,AOD_20250407_2010,AOD_20250407_2020,AOD_20250407_2140,AOD_20250407_2130,AOD_20250407_2120,AOD_20250407_2150,AOD_20250407_2100,AOD_20250407_2110,AOD_20250407_2240,AOD_20250407_2220,AOD_20250407_2200,AOD_20250407_2230,AOD_20250407_2210,AOD_20250407_2250,AOD_20250407_2300,AOD_20250407_2340,AOD_20250407_2320,AOD_20250407_2310,AOD_20250407_2330,AOD_20250407_2350,AOD_20250408_0000,AOD_20250408_0010,AOD_20250408_0040,AOD_20250408_0050,AOD_20250408_0030,AOD_20250408_0020,AOD_20250408_0100,AOD_20250408_0150,AOD_20250408_0140,AOD_20250408_0110,AOD_20250408_0120,AOD_20250408_0130,AOD_20250408_0220,AOD_20250408_0210,AOD_20250408_0200,AOD_20250408_0230,AOD_20250408_0250,AOD_20250408_0300,AOD_20250408_0340,AOD_20250408_0320,AOD_20250408_0330,AOD_20250408_0310,AOD_20250408_0350,AOD_20250408_0420,AOD_20250408_0410,AOD_20250408_0400,AOD_20250408_0430,AOD_20250408_0440,AOD_20250408_0450,AOD_20250408_0500,AOD_20250408_0550,AOD_20250408_0520,AOD_20250408_0540,AOD_20250408_0510,AOD_20250408_0530,AOD_20250408_0620,AOD_20250408_0650,AOD_20250408_0630,AOD_20250408_0640,AOD_20250408_0600,AOD_20250408_0610,AOD_20250408_0700,AOD_20250408_0730,AOD_20250408_0750,AOD_20250408_0740,AOD_20250408_0720,AOD_20250408_0710,AOD_20250408_0820,AOD_20250408_0830,AOD_20250408_0850,AOD_20250408_0840,AOD_20250408_0810,AOD_20250408_0800,AOD_20250408_0940,AOD_20250408_0910,AOD_20250408_0920,AOD_20250408_0900,AOD_20250408_0930,AOD_20250408_0950,AOD_20250408_1040,AOD_20250408_1000,AOD_20250408_1010,AOD_20250408_1050,AOD_20250408_1020,AOD_20250408_1030,AOD_20250408_1120,AOD_20250408_1100,AOD_20250408_1150,AOD_20250408_1130,AOD_20250408_1110,AOD_20250408_1140,AOD_20250408_1250,AOD_20250408_1200,AOD_20250408_1240,AOD_20250408_1220,AOD_20250408_1210,AOD_20250408_1230,AOD_20250408_1330,AOD_20250408_1340,AOD_20250408_1350,AOD_20250408_1300,AOD_20250408_1320,AOD_20250408_1310,AOD_20250408_1410,AOD_20250408_1450,AOD_20250408_1420,AOD_20250408_1430,AOD_20250408_1400,AOD_20250408_1520,AOD_20250408_1510,AOD_20250408_1550,AOD_20250408_1500,AOD_20250408_1540,AOD_20250408_1530,AOD_20250408_1650,AOD_20250408_1630,AOD_20250408_1620,AOD_20250408_1610,AOD_20250408_1640,AOD_20250408_1600,AOD_20250408_1710,AOD_20250408_1700,AOD_20250408_1730,AOD_20250408_1750,AOD_20250408_1720,AOD_20250408_1740,AOD_20250408_1820,AOD_20250408_1800,AOD_20250408_1830,AOD_20250408_1840,AOD_20250408_1850,AOD_20250408_1810,AOD_20250408_1920,AOD_20250408_1910,AOD_20250408_1940,AOD_20250408_1950,AOD_20250408_1900,AOD_20250408_1930,AOD_20250408_2000,AOD_20250408_2040,AOD_20250408_2010,AOD_20250408_2020,AOD_20250408_2050,AOD_20250408_2030,AOD_20250408_2150,AOD_20250408_2120,AOD_20250408_2100,AOD_20250408_2140,AOD_20250408_2110,AOD_20250408_2130,AOD_20250408_2230,AOD_20250408_2250,AOD_20250408_2240,AOD_20250408_2220,AOD_20250408_2210,AOD_20250408_2200,AOD_20250408_2350,AOD_20250408_2300,AOD_20250408_2320,AOD_20250408_2310,AOD_20250408_2340,AOD_20250408_2330,AOD_20250409_0030,AOD_20250409_0020,AOD_20250409_0050,AOD_20250409_0040,AOD_20250409_0000,AOD_20250409_0010,AOD_20250409_0110,AOD_20250409_0100,AOD_20250409_0140,AOD_20250409_0120,AOD_20250409_0150,AOD_20250409_0130,AOD_20250409_0250,AOD_20250409_0230,AOD_20250409_0220,AOD_20250409_0200,AOD_20250409_0210,AOD_20250409_0340,AOD_20250409_0330,AOD_20250409_0350,AOD_20250409_0320,AOD_20250409_0300,AOD_20250409_0310,AOD_20250409_0440,AOD_20250409_0450,AOD_20250409_0430,AOD_20250409_0410,AOD_20250409_0420,AOD_20250409_0400,AOD_20250409_0550,AOD_20250409_0520,AOD_20250409_0540,AOD_20250409_0500,AOD_20250409_0530,AOD_20250409_0510,AOD_20250409_0610,AOD_20250409_0620,AOD_20250409_0630,AOD_20250409_0640,AOD_20250409_0600,AOD_20250409_0650,AOD_20250409_0750,AOD_20250409_0710,AOD_20250409_0720,AOD_20250409_0700,AOD_20250409_0740,AOD_20250409_0730,AOD_20250409_0840,AOD_20250409_0850,AOD_20250409_0800,AOD_20250409_0810,AOD_20250409_0830,AOD_20250409_0820,AOD_20250409_0930,AOD_20250409_0900,AOD_20250409_0950,AOD_20250409_0910,AOD_20250409_0920,AOD_20250409_0940,AOD_20250409_1040,AOD_20250409_1010,AOD_20250409_1050,AOD_20250409_1000,AOD_20250409_1030,AOD_20250409_1020,AOD_20250409_1130,AOD_20250409_1110,AOD_20250409_1150,AOD_20250409_1140,AOD_20250409_1100,AOD_20250409_1120,AOD_20250409_1220,AOD_20250409_1240,AOD_20250409_1200,AOD_20250409_1210,AOD_20250409_1230,AOD_20250409_1250,AOD_20250409_1330,AOD_20250409_1300,AOD_20250409_1310,AOD_20250409_1350,AOD_20250409_1320,AOD_20250409_1340,AOD_20250409_1430,AOD_20250409_1420,AOD_20250409_1450,AOD_20250409_1410,AOD_20250409_1400,AOD_20250409_1520,AOD_20250409_1540,AOD_20250409_1500,AOD_20250409_1550,AOD_20250409_1510,AOD_20250409_1530,AOD_20250409_1620,AOD_20250409_1630,AOD_20250409_1650,AOD_20250409_1610,AOD_20250409_1640,AOD_20250409_1600,AOD_20250409_1740,AOD_20250409_1700,AOD_20250409_1710,AOD_20250409_1750,AOD_20250409_1730,AOD_20250409_1720,AOD_20250409_1830,AOD_20250409_1840,AOD_20250409_1800,AOD_20250409_1810,AOD_20250409_1820,AOD_20250409_1850,AOD_20250409_1940,AOD_20250409_1920,AOD_20250409_1910,AOD_20250409_1900,AOD_20250409_1930,AOD_20250409_1950,AOD_20250409_2020,AOD_20250409_2050,AOD_20250409_2000,AOD_20250409_2040,AOD_20250409_2030,AOD_20250409_2010,AOD_20250409_2120,AOD_20250409_2150,AOD_20250409_2130,AOD_20250409_2110,AOD_20250409_2140,AOD_20250409_2100,AOD_20250409_2200,AOD_20250409_2230,AOD_20250409_2250,AOD_20250409_2240,AOD_20250409_2220,AOD_20250409_2210,AOD_20250409_2320,AOD_20250409_2310,AOD_20250409_2340,AOD_20250409_2300,AOD_20250409_2350,AOD_20250409_2330,AOD_20250410_0040,AOD_20250410_0000,AOD_20250410_0020,AOD_20250410_0030,AOD_20250410_0010,AOD_20250410_0050,AOD_20250410_0120,AOD_20250410_0110,AOD_20250410_0150,AOD_20250410_0100,AOD_20250410_0140,AOD_20250410_0130,AOD_20250410_0220,AOD_20250410_0200,AOD_20250410_0250,AOD_20250410_0210,AOD_20250410_0230,AOD_20250410_0310,AOD_20250410_0320,AOD_20250410_0300,AOD_20250410_0350,AOD_20250410_0340,AOD_20250410_0330,AOD_20250410_0410,AOD_20250410_0430,AOD_20250410_0400,AOD_20250410_0420,AOD_20250410_0450,AOD_20250410_0440,AOD_20250410_0510,AOD_20250410_0530,AOD_20250410_0520,AOD_20250410_0550,AOD_20250410_0540,AOD_20250410_0500,AOD_20250410_0610,AOD_20250410_0640,AOD_20250410_0620,AOD_20250410_0630,AOD_20250410_0650,AOD_20250410_0600,AOD_20250410_0710,AOD_20250410_0700,AOD_20250410_0730,AOD_20250410_0720,AOD_20250410_0740,AOD_20250410_0750,AOD_20250410_0830,AOD_20250410_0840,AOD_20250410_0850,AOD_20250410_0820,AOD_20250410_0800,AOD_20250410_0810,AOD_20250410_0940,AOD_20250410_0900,AOD_20250410_0950,AOD_20250410_0930,AOD_20250410_0910,AOD_20250410_0920,AOD_20250410_1020,AOD_20250410_1000,AOD_20250410_1050,AOD_20250410_1010,AOD_20250410_1030,AOD_20250410_1040,AOD_20250410_1130,AOD_20250410_1120,AOD_20250410_1110,AOD_20250410_1100,AOD_20250410_1140,AOD_20250410_1150,AOD_20250410_1200,AOD_20250410_1250,AOD_20250410_1240,AOD_20250410_1230,AOD_20250410_1210,AOD_20250410_1220,AOD_20250410_1340,AOD_20250410_1310,AOD_20250410_1320,AOD_20250410_1350,AOD_20250410_1330,AOD_20250410_1300,AOD_20250410_1430,AOD_20250410_1420,AOD_20250410_1400,AOD_20250410_1450,AOD_20250410_1410,AOD_20250410_1550,AOD_20250410_1520,AOD_20250410_1540,AOD_20250410_1530,AOD_20250410_1500,AOD_20250410_1510,AOD_20250410_1620,AOD_20250410_1610,AOD_20250410_1650,AOD_20250410_1640,AOD_20250410_1630,AOD_20250410_1600,AOD_20250410_1740,AOD_20250410_1720,AOD_20250410_1710,AOD_20250410_1730,AOD_20250410_1700,AOD_20250410_1750,AOD_20250410_1850,AOD_20250410_1820,AOD_20250410_1830,AOD_20250410_1810,AOD_20250410_1800,AOD_20250410_1840,AOD_20250410_1910,AOD_20250410_1900,AOD_20250410_1920,AOD_20250410_1930,AOD_20250410_1940,AOD_20250410_1950,AOD_20250410_2000,AOD_20250410_2020,AOD_20250410_2010,AOD_20250410_2050,AOD_20250410_2030,AOD_20250410_2120,AOD_20250410_2130,AOD_20250410_2140,AOD_20250410_2150,AOD_20250410_2110,AOD_20250410_2100,AOD_20250410_2220,AOD_20250410_2230,AOD_20250410_2200,AOD_20250410_2250,AOD_20250410_2210,AOD_20250410_2240,AOD_20250410_2330,AOD_20250410_2350,AOD_20250410_2340,AOD_20250410_2310,AOD_20250410_2300,AOD_20250410_2320,AOD_20250411_0000,AOD_20250411_0040,AOD_20250411_0020,AOD_20250411_0050,AOD_20250411_0010,AOD_20250411_0030,AOD_20250411_0150,AOD_20250411_0120,AOD_20250411_0130,AOD_20250411_0110,AOD_20250411_0100,AOD_20250411_0140,AOD_20250411_0200,AOD_20250411_0250,AOD_20250411_0230,AOD_20250411_0220,AOD_20250411_0210,AOD_20250411_0330,AOD_20250411_0320,AOD_20250411_0350,AOD_20250411_0300,AOD_20250411_0310,AOD_20250411_0340,AOD_20250411_0450,AOD_20250411_0440,AOD_20250411_0430,AOD_20250411_0410,AOD_20250411_0400,AOD_20250411_0420,AOD_20250411_0510,AOD_20250411_0530,AOD_20250411_0550,AOD_20250411_0540,AOD_20250411_0520,AOD_20250411_0500,AOD_20250411_0600,AOD_20250411_0610,AOD_20250411_0650,AOD_20250411_0620,AOD_20250411_0640,AOD_20250411_0630,AOD_20250411_0710,AOD_20250411_0750,AOD_20250411_0730,AOD_20250411_0740,AOD_20250411_0700,AOD_20250411_0720,AOD_20250411_0830,AOD_20250411_0800,AOD_20250411_0810,AOD_20250411_0850,AOD_20250411_0820,AOD_20250411_0930,AOD_20250411_0900,AOD_20250411_0920,AOD_20250411_0940,AOD_20250411_0910,AOD_20250411_0950,AOD_20250411_1030,AOD_20250411_1020,AOD_20250411_1010,AOD_20250411_1000,AOD_20250411_1040,AOD_20250411_1050,AOD_20250411_1110,AOD_20250411_1100,AOD_20250411_1140,AOD_20250411_1120,AOD_20250411_1130,AOD_20250411_1150,AOD_20250411_1250,AOD_20250411_1240,AOD_20250411_1200,AOD_20250411_1210,AOD_20250411_1230,AOD_20250411_1220,AOD_20250411_1320,AOD_20250411_1330,AOD_20250411_1310,AOD_20250411_1300,AOD_20250411_1350,AOD_20250411_1340,AOD_20250411_1450,AOD_20250411_1410,AOD_20250411_1400,AOD_20250411_1430,AOD_20250411_1420,AOD_20250411_1500,AOD_20250411_1530,AOD_20250411_1510,AOD_20250411_1540,AOD_20250411_1550,AOD_20250411_1520,AOD_20250411_1600,AOD_20250411_1640,AOD_20250411_1620,AOD_20250411_1650,AOD_20250411_1630,AOD_20250411_1610,AOD_20250411_1700,AOD_20250411_1710,AOD_20250411_1730,AOD_20250411_1750,AOD_20250411_1720,AOD_20250411_1740,AOD_20250411_1800,AOD_20250411_1830,AOD_20250411_1810,AOD_20250411_1850,AOD_20250411_1820,AOD_20250411_1840,AOD_20250411_1940,AOD_20250411_1900,AOD_20250411_1950,AOD_20250411_1930,AOD_20250411_1910,AOD_20250411_1920,AOD_20250411_2010,AOD_20250411_2050,AOD_20250411_2020,AOD_20250411_2030,AOD_20250411_2000,AOD_20250411_2040,AOD_20250411_2130,AOD_20250411_2110,AOD_20250411_2100,AOD_20250411_2120,AOD_20250411_2140,AOD_20250411_2150,AOD_20250411_2200,AOD_20250411_2240,AOD_20250411_2210,AOD_20250411_2220,AOD_20250411_2230,AOD_20250411_2250,AOD_20250411_2310,AOD_20250411_2320,AOD_20250411_2300,AOD_20250411_2350,AOD_20250411_2340,AOD_20250411_2330,AOD_20250412_0020,AOD_20250412_0050,AOD_20250412_0010,AOD_20250412_0030,AOD_20250412_0040,AOD_20250412_0000,AOD_20250412_0130,AOD_20250412_0140,AOD_20250412_0100,AOD_20250412_0150,AOD_20250412_0120,AOD_20250412_0110,AOD_20250412_0210,AOD_20250412_0220,AOD_20250412_0250,AOD_20250412_0200,AOD_20250412_0230,AOD_20250412_0310,AOD_20250412_0300,AOD_20250412_0320,AOD_20250412_0340,AOD_20250412_0350,AOD_20250412_0330,AOD_20250412_0440,AOD_20250412_0420,AOD_20250412_0400,AOD_20250412_0410,AOD_20250412_0450,AOD_20250412_0430,AOD_20250412_0510,AOD_20250412_0500,AOD_20250412_0520,AOD_20250412_0540,AOD_20250412_0550,AOD_20250412_0530,AOD_20250412_0620,AOD_20250412_0640,AOD_20250412_0630,AOD_20250412_0610,AOD_20250412_0600,AOD_20250412_0650,AOD_20250412_0710,AOD_20250412_0720,AOD_20250412_0750,AOD_20250412_0740,AOD_20250412_0730,AOD_20250412_0700,AOD_20250412_0850,AOD_20250412_0810,AOD_20250412_0800,AOD_20250412_0840,AOD_20250412_0830,AOD_20250412_0820,AOD_20250412_0900,AOD_20250412_0950,AOD_20250412_0910,AOD_20250412_0920,AOD_20250412_0940,AOD_20250412_0930,AOD_20250412_1020,AOD_20250412_1030,AOD_20250412_1050,AOD_20250412_1010,AOD_20250412_1040,AOD_20250412_1000,AOD_20250412_1100,AOD_20250412_1130,AOD_20250412_1140,AOD_20250412_1150,AOD_20250412_1110,AOD_20250412_1120,AOD_20250412_1210,AOD_20250412_1250,AOD_20250412_1220,AOD_20250412_1240,AOD_20250412_1200,AOD_20250412_1230,AOD_20250412_1300,AOD_20250412_1320,AOD_20250412_1310,AOD_20250412_1330,AOD_20250412_1340,AOD_20250412_1350,AOD_20250412_1410,AOD_20250412_1450,AOD_20250412_1400,AOD_20250412_1420,AOD_20250412_1430,AOD_20250412_1500,AOD_20250412_1520,AOD_20250412_1510
0,Hà Nội: 556 Nguyễn Văn Cừ (KK),21.0333,105.85,,1.1144,1.1068,1.0914,,,1.3906,,,,,,,,,,,,1.2298,1.1804,,1.2243999,,,1.2892,,,1.3032,1.2437999,1.2833999,1.3498,1.327,1.3515999,1.2866,1.275,,,,,,,1.6608,,,,1.6198,1.7008,1.4898,,,,,,,2.003,1.8141999,,,,,,,,,,,,,,,,,,,,,,,,,,,,,,,,,,,,,,,,,,,,,,,,,,,,,,,,,,,,,,,,,,,,,,,,,,,,,,,,,,,,,,,,,,,,,,,,,,,,,,,,,,,,,,,,,,,,,,,,,,,,,,,,,,,,,,,,,,,,,,,,,,,,,,,,,,,,,,,,,,,,,,,,,,,,,,,,,,,,,,,,,,,,,,,,,,,,,,,,,,,,,,,,,,,,,,,,,,,,,,,,,,,,,,,,,,,,,,,,,,,,,,,,,,,,,,,,,,,,,,,,,,,,,,,,,,,,,,,,,,,,,,,,,,,,,,,,,,,,,,,,,,,,,,,,,,,,,,,,,,,,,,,,,,,,,,,,,,,,,,,,,,,,,,,,,,,,,,,,,,,,,,,,,,,,,,,,,,,,,,,,,,,,,,,,,,,,,,,,,,,,,,,,,,,,,,,,,,,,,,,,,,,,,,,,,,,,,,,,,,,,,,,,,,,,,,,,,,,,,,,,,,,,,,,,,,,,,,,,,,,,,,,,,,,,,,,,,,,,,,,,,,,,,,,,,,,,,,,,,,,,,,,,,,,,,,,,,,,,,,,,,,,,,,,,,,,,,,,,,,,,,,,,,,,,,,,,,,,,,,,,,,,,,,,,,,,,,,,,,,,,,,,,,,,,,,,,,,,,,,,,,,,,,,,,,,,,,,,,,,,,,,,,,,,,,,,,,,,,,,,,,,,,,,,,,,,,,,,,,,,,,,,,,,,,,,,,,,,,,,,,,,,,,,,,,,,,,,,,,,,,,,,,,,,,,,,,,,,,,,,,,,,,,,,,,,,,,,,,,,,,,,,,,,,,,,,,,,,,,,,,,,,,,,,,,,,,,,,,,,,,,,,,,,,,,,,,,,,,,,,,,,,,,,,,,,,,,,,,,,,,,,,,,,,,,,,,,,,,,,,,,,,,,,,,,,,,,,,,,,,,,,,,,,,,,,,,,,,,,,,,,,,,,,,,,,,,,,,,,,,,,,,,,,,,,,,,,,,,,,,,,,,,,,,,,,,,,,,,,,,,,,,,,,,,,,,,,,,,,,,,,,,,,,,0.403,,,,,,,,,,,,,,,,,,,,,,,,,,,,,,,,,,,,,,,,,,,,,,,,,,,,,,,,,,,,,,,,,,,,,,,,,,,,,,,,,,,,,,,,,,,,,,,,,,,,,,,,,,,,,,1.0382,,,,1.0536,,,,1.1015999,1.1096,,,,,,,,,,,,,0.7646,,,,,,,,,,,,,,,,,,,,,,,,,,,,,,,,,,,,,,,,,,,,
1,Hà Nội: ĐHBK cổng Parabol đường Giải Phóng (KK),21.0245,105.8412,,,,,,,1.3912,,1.3988,1.3823999,1.4843999,1.4588,,1.3091999,,1.3704,,,,1.2681999,1.249,1.248,1.2897999,1.2675999,1.26,,1.2012,1.2228,1.193,,,,,,,,,,,,,2.2056,2.2638,2.6968,2.4686,1.9654,2.0958,3.8664,,,,,,,,,,,,,,,,,,,,,,,,,,,,,,,,,,,,,,,,,,,,,,,,,,,,,,,,,,,,,,,,,,,,,,,,,,,,,,,,,,,,,,,,,,,,,,,,,,,,,,,,,,,,,,,,,,,,,,,,,,,,,,,,,,,,,,,,,,,,,,,,,,,,,,,,,,,,,,,,,,,,,,,,,,,,,,,,,,,,,,,,,,,,,,,,,,,,,,,,,,,,,,,,,,,,,,,,,,,,,,,,,,,,,,,,,,,,,,,,,,,,,,,,,,,,,,,,,,,,,,,,,,,,,,,,,,,,,,,,,,,,,,,,,,,,,,,,,,,,,,,,,,,,,,,,,,,,,,,,,,,,,,,,,,,,,,,,,,,,,,,,,,,,,,,,,,,,,,,,,,,,,,,,,,,,,,,,,,,,,,,,,,,,,,,,,,,,,,,,,,,,,,,,,,,,,,,,,,,,,,,,,,,,,,,,,,,,,,,,,,,,,,,,,,,,,,,,,,,,,,,,,,,,,,,,,,,,,,,,,,,,,,,,,,,,,,,,,,,,,,,,,,,,,,,,,,,,,,,,,,,,,,,,,,,,,,,,1.6976,,,,,,,,,,,,,,,,,,,,,,,,,,,,,,,,,,,,,,,,,,,,,,,,,,,,,,,,,,,,,,,,,,,,,,,,,,,,,,,,,,,,,,,,,,,,,,,,,,,,,,,,,,,,,,,,,,,,,,,,,,,,,,,,,,,,,,,,,,,,,,,,,,,,,,,,,,,,,,,,,,,,,,,,,,,,,,,,,,,,,,,,,,,,,,,,,,,,,,,,,,,,,,,,,,,,,,,,,,,,,,,,,,,,,,,,,,,,,,,,,,,,,,,,,,,,,,,,,,,,,,,,,,,,,,,,,,,,,,,,,,,,,,,,,,,,,,,,,,,,,,,,,,,,,,,,,,,,,,,,,,,,0.017199999,,,,,,,,,,,,,,,,,,,,,,,,,,,,,,,,,,,,,,,,,,,,,,,,,,,,,,,,,,,,,,,,,,,,,,,,,,,,,,,,,,,,,,,,,,,,,,,,,,,,,,,,,,,,,,,,,,,,,,,,,,,,,,,,,,,,,,,,,,,,,,,,,,,,,,,,,,,,,,,,,,,,,,,,,,,,,,,,,,,,,,,,,,,,,,,,,,,,,,,,,,,,,,,,,,,,,,,,,,,,,,,,,,,0.59599996,,,,,,,,,,,,,,,,,,,,,,,,,,,,,,,,,,,,,,,,,,,,,,,,,,,,,,,,,,,,,,,,,,,,,,,,,,,,,,,,,,,,,,,,
2,Hà Nội: Công viên Nhân Chính - Khuất Duy Tiến (KK),20.9725,105.7772,,,1.3076,1.0785999,1.0935999,,1.232,1.4934,1.401,1.4142,,,,1.214,1.232,1.239,1.1982,1.2242,1.1733999,,,1.155,1.2062,,1.1733999,1.1492,1.1714,,1.166,1.2107999,1.2722,1.2559999,1.3097999,1.2084,1.3964,1.4643999,1.5428,,1.6314,1.55,,,,,,,,1.573,1.6043999,,,1.4283999,1.4136,,,,,,,,,,,,,,,,,,,,,,,,,,,,,,,,,,,,,,,,,,,,,,,,,,,,,,,,,,,,,,,,,,,,,,,,,,,,,,,,,,,,,,,,,,,,,,,,,,,,,,,,,,,,,,,,,,,,,,,,,,,,,,,,,,,,,,,,,,,,,,,,,,,,,,,,,,,,,,,,,,,,,,,,,,,,,,,,,,,,,,,,,,,,,,,,,,,,,,,,,,,,,,,,,,,,,,,,,,,,,,,,,,,,,,,,,2.5686,,,,,,,,,,,,,,,,,,,,,,,,,,,,,,,,,,,,,,,,,,,,,,,,,,,,,,,,,,,,,,,,,,,,,,,,,,,,,,,,,,,,,,,,,,,,,,,,,,,,,,,,,,,,,,,,,,,,,,,,,,,,,,,,,,,,,,,,,,,,,,,,,,,,,,,,,,,,,,,,,,,,,,,,,,,,,,,,,,,,,,,,,,,,,,,,,,1.898,,2.0176,,,,,,,,,,,,,,,,,,,,,,,,,,,,,,,,,,,,,,,,,,,,,,,,,,,,,,,,,,,,,,,,,,,,,,,,,,,,,,,,,,,,,,,,,,,,,,,,,,,,,,,,,,,,,,,,1.5098,,,,,,1.5799999,,,,,,,,,,,,,,,,,,,,,,,,,,,,,,,,,,,,,,,,,,,,,,,,,,,,,,,,,,,,,,,,,,,,,,,,,,,,,,,,,,,,,,,,,,,,,,,,,,,,,,,,,,,,,,,,,,,,,,,,,,,,,,,,,,,,,,,,,,,,,,,,,,,,,,,,,,,,,,,,,,,,,,,,,,,,,,,,,,,,,,,,,,,,,,,,,,,,,,,,,,,,,,,,,,,,,,,,,,,,,,,,,,,,,,,,,,,,,,,,,,,,,,,,,,,,,,,,,,,,,,,,,,,,,,,,,,,,,,,,,,,,,,,,,,,,,,,,,,,,,,,,,,,,,,,,,,,,,,,,,,,,,,,,,,,,,,,,,,,,,,,,,,,,,,,,,,,,,,,,,,,,,,,,,,,,,,,,,,,,,,,,,,,,,,,,,,,,,,,,,,,,,,,,,,,,,,,,,,,,,,,,,,,,,,,,,,,,,,,,,,,,,,,,,,,,,,,,,,,,,,,,,,,,,,,,,,,,,,,,,,,,,,,,,,,,,,,,,,,,,,,,,,,,,,,,,,,,,,,,,,,,,,,,,,,,,,,0.74719995,,,,,,,,,,,,,,,,,,,,,,,,,,,,,,,,,1.0752,,,1.1018,1.0286,,,,,,,,,,,,,,,,,,,,,,,,,,,,,,,,,,,,,,,,,,,,,,,,,,,
3,HCM: Khu Liên cơ quan Bộ Tài Nguyên và Môi Trường - số 20 Đ. Lý Chính Thắng (KK),10.75,106.6667,,0.55799997,,0.43039998,0.5082,,0.3274,0.4046,,,,0.3268,0.3804,,,,,0.5334,0.16679999,0.3276,0.2996,0.067999996,0.436,0.53099996,0.58419997,0.472,,0.566,0.613,,,,,,,,,,,,0.71419996,,,,,,0.3256,0.3272,0.2252,0.2434,0.2228,0.3274,0.2548,0.327,0.28,0.2828,0.2672,,,,,,,,,,,,,,,,,,,,,,,,,,,,,,,,,,,,,,,,,,,,,,,,,,,,,,,,,,,,,,,,,,,,,,,,,,,,,,,,,,,,,,,0.18239999,0.2026,0.23619999,0.2056,0.077199996,0.2096,0.22,0.2136,0.2016,0.17559999,0.21939999,0.15699999,0.0056,0.1072,0.1828,0.0418,,,0.5426,0.551,,,0.7798,,,0.5412,,,0.449,0.565,,,0.39859998,,,,,0.6436,0.45299998,,0.211,0.1856,0.2856,0.1686,0.198,0.2456,0.44759998,0.4182,0.4276,0.38079998,0.4468,0.32799998,0.4034,,0.3716,,0.408,0.38819999,,,,,,,,,,,,,,,,,,,,,,,,,,,,,,,,,,,,,,,,,,,,,,,,,,,,,,,,,,,,,,,,,,,,,,,,,,,,,,,,,,,,,0.606,0.4484,,0.3342,,,,,,,,,,,,,,,,,,0.7004,,,,,,,,,,,,,,,,,,,0.317,,,0.396,0.29299998,0.2916,0.2232,0.18879999,,0.2776,,0.153,,,,,,,,,,,,,,,,,,,,,,,,,,,,,,,,,,,,,,,,,,,,,,,,,,,,,,,,,,,,,,,,,,,,,,,,,,,,,,,,,,,,,,,,,,,,,,,,0.2076,,0.6712,,,,0.038399998,0.1104,0.0186,0.095199995,0.019199999,0.006,0.2438,,0.0,0.036199998,,0.0652,0.0762,0.2302,0.3522,0.074,0.141,0.1258,0.27519998,0.17979999,0.3658,0.20619999,0.167,,,,,,,0.1612,0.0314,0.0592,0.0308,0.119799994,,0.18519999,,0.2554,0.35639998,0.2096,0.38,,0.4552,,,0.5682,,,,,,,,,,,,,,,,,,,,,,,,,,,,,,,,,,,,,,,,,,,,,,,,,,,,,,,,,,,,,,,,,,,,,,,,,,,,,,,,,,,,,,,,,,,,,,,,,,,,,0.445,,,,0.5492,,,0.653,,,,,,,,,,,,,,,,,,,,,,,,,,,,,,,,,,,,,,,,,,,,,,,,,,,,,,,,,,,,,,,,,,,,,,,,,,,,,,,,,,,,,,,,,,,,,,,,,,,,,,,,,,,,,,,,,,,,,0.3218,0.29,0.2546,0.2828,,0.3002,0.2402,0.2528,0.20359999,0.2198,0.204,0.2216,0.1722,0.206,0.219,0.2728,0.261,0.6378,0.6946,0.5966,,0.51739997,0.7276,,,,,,,,,,,,,,,,,,,0.6012,,0.6164,,0.5092,0.4694,0.2922,0.2834,0.4772,0.3764,0.2768,0.2882,0.1742,0.0694,,0.1156,0.1846,,,,,,,,,,,,,,,,,,,,,,,,,,,,,,,,,,,,,,,,,,,,,,,,,,,,,,,,,,,,,,,,,,,,,,,,,,,,,,,,,,,,,0.5686,,0.434,0.45279998,0.44219998,0.553,,0.72459996,,0.6256,,,,,,,,,,,,,,,,,,,,,,,0.3742,,,0.4542,,0.348,0.57559997,0.3626,,,0.4538,0.3094,,0.39699998,0.30699998,0.2092,0.1312,,0.3288,,0.3126,,,,,,,,,,,,,,,,,,,,,,,,,,,,,,,,,,,,,,,,,,,,,,,,,,,,,,,,,,,,,,,,,,,,,,,,,,,,,,,,,,,,,,,,,,,,,,,,,,,,,,,,,,,,,,,,,,,,,,,,,,,,,,0.398,,0.49359998,0.468,0.2762,0.243,0.29639998,0.2826,0.3664,0.3338,0.2078,0.1672,0.18779999,0.2078,0.25759998,0.1046,0.2602,0.070599996,,0.1228,,,,,,,,,,,,,,,,,,,,,,,,,,,,,,,,,,,,,,,,,,,,,,,,,,,,,,,,,,,,,,,,,,,,,,,,,,,,,,,,,,,,,,0.6304,,0.7506,0.67719996,,,,,,,,0.93359995,,,,,,,0.7362,0.2726,0.3726,0.41,,,,,0.54499996,,0.1682,0.17019999,0.2278,0.3608,0.3646,,0.4482,,,,0.5596,,0.110199995,0.3094,0.282,0.3412,0.5172,0.2038,,,,,0.1924,,,,,,,,,,,,,,,,,,,,,,,,,,,,,,,,,,,,,,,
4,HCM: Đ. Lê Hữu Kiều - P. Bình Trưng Tây - Quận 2 (Ngã ba Lê Hữu Kiểu và Trương Văn Bang) (KK),10.75,106.6667,,0.55799997,,0.43039998,0.5082,,0.3274,0.4046,,,,0.3268,0.3804,,,,,0.5334,0.16679999,0.3276,0.2996,0.067999996,0.436,0.53099996,0.58419997,0.472,,0.566,0.613,,,,,,,,,,,,0.71419996,,,,,,0.3256,0.3272,0.2252,0.2434,0.2228,0.3274,0.2548,0.327,0.28,0.2828,0.2672,,,,,,,,,,,,,,,,,,,,,,,,,,,,,,,,,,,,,,,,,,,,,,,,,,,,,,,,,,,,,,,,,,,,,,,,,,,,,,,,,,,,,,,0.18239999,0.2026,0.23619999,0.2056,0.077199996,0.2096,0.22,0.2136,0.2016,0.17559999,0.21939999,0.15699999,0.0056,0.1072,0.1828,0.0418,,,0.5426,0.551,,,0.7798,,,0.5412,,,0.449,0.565,,,0.39859998,,,,,0.6436,0.45299998,,0.211,0.1856,0.2856,0.1686,0.198,0.2456,0.44759998,0.4182,0.4276,0.38079998,0.4468,0.32799998,0.4034,,0.3716,,0.408,0.38819999,,,,,,,,,,,,,,,,,,,,,,,,,,,,,,,,,,,,,,,,,,,,,,,,,,,,,,,,,,,,,,,,,,,,,,,,,,,,,,,,,,,,,0.606,0.4484,,0.3342,,,,,,,,,,,,,,,,,,0.7004,,,,,,,,,,,,,,,,,,,0.317,,,0.396,0.29299998,0.2916,0.2232,0.18879999,,0.2776,,0.153,,,,,,,,,,,,,,,,,,,,,,,,,,,,,,,,,,,,,,,,,,,,,,,,,,,,,,,,,,,,,,,,,,,,,,,,,,,,,,,,,,,,,,,,,,,,,,,,0.2076,,0.6712,,,,0.038399998,0.1104,0.0186,0.095199995,0.019199999,0.006,0.2438,,0.0,0.036199998,,0.0652,0.0762,0.2302,0.3522,0.074,0.141,0.1258,0.27519998,0.17979999,0.3658,0.20619999,0.167,,,,,,,0.1612,0.0314,0.0592,0.0308,0.119799994,,0.18519999,,0.2554,0.35639998,0.2096,0.38,,0.4552,,,0.5682,,,,,,,,,,,,,,,,,,,,,,,,,,,,,,,,,,,,,,,,,,,,,,,,,,,,,,,,,,,,,,,,,,,,,,,,,,,,,,,,,,,,,,,,,,,,,,,,,,,,,0.445,,,,0.5492,,,0.653,,,,,,,,,,,,,,,,,,,,,,,,,,,,,,,,,,,,,,,,,,,,,,,,,,,,,,,,,,,,,,,,,,,,,,,,,,,,,,,,,,,,,,,,,,,,,,,,,,,,,,,,,,,,,,,,,,,,,0.3218,0.29,0.2546,0.2828,,0.3002,0.2402,0.2528,0.20359999,0.2198,0.204,0.2216,0.1722,0.206,0.219,0.2728,0.261,0.6378,0.6946,0.5966,,0.51739997,0.7276,,,,,,,,,,,,,,,,,,,0.6012,,0.6164,,0.5092,0.4694,0.2922,0.2834,0.4772,0.3764,0.2768,0.2882,0.1742,0.0694,,0.1156,0.1846,,,,,,,,,,,,,,,,,,,,,,,,,,,,,,,,,,,,,,,,,,,,,,,,,,,,,,,,,,,,,,,,,,,,,,,,,,,,,,,,,,,,,0.5686,,0.434,0.45279998,0.44219998,0.553,,0.72459996,,0.6256,,,,,,,,,,,,,,,,,,,,,,,0.3742,,,0.4542,,0.348,0.57559997,0.3626,,,0.4538,0.3094,,0.39699998,0.30699998,0.2092,0.1312,,0.3288,,0.3126,,,,,,,,,,,,,,,,,,,,,,,,,,,,,,,,,,,,,,,,,,,,,,,,,,,,,,,,,,,,,,,,,,,,,,,,,,,,,,,,,,,,,,,,,,,,,,,,,,,,,,,,,,,,,,,,,,,,,,,,,,,,,,0.398,,0.49359998,0.468,0.2762,0.243,0.29639998,0.2826,0.3664,0.3338,0.2078,0.1672,0.18779999,0.2078,0.25759998,0.1046,0.2602,0.070599996,,0.1228,,,,,,,,,,,,,,,,,,,,,,,,,,,,,,,,,,,,,,,,,,,,,,,,,,,,,,,,,,,,,,,,,,,,,,,,,,,,,,,,,,,,,,0.6304,,0.7506,0.67719996,,,,,,,,0.93359995,,,,,,,0.7362,0.2726,0.3726,0.41,,,,,0.54499996,,0.1682,0.17019999,0.2278,0.3608,0.3646,,0.4482,,,,0.5596,,0.110199995,0.3094,0.282,0.3412,0.5172,0.2038,,,,,0.1924,,,,,,,,,,,,,,,,,,,,,,,,,,,,,,,,,,,,,,,
5,Long An: UBND Tp Tân An - 76 Hùng Vương - P.2 (KK),10.5333,106.4167,,1.201,,,,,,0.7908,,0.7522,0.4062,,0.4398,,,0.4244,0.39519998,,,,0.3812,0.36479998,,0.5106,0.44059998,,0.39339998,0.479,0.5298,,,,,,,,,,,,,,,,,,0.51879996,0.5028,,,0.36659998,0.33159998,0.32619998,,0.3166,,0.3384,,,,,,,,,,,,,,,,,,,,,,,,,,,,,,,,,,,,,,,,,,,,,,,,,,,,,,,,,,,,,,,,,,,,,,,,,,,,,,,,,,,,,,,,1.1228,0.923,1.1114,,0.1918,0.20619999,0.1978,0.1936,0.17979999,0.2008,0.2276,0.094,0.20359999,0.22199999,0.1846,,,0.5974,0.3816,,0.478,0.3918,0.41979998,0.38959998,,0.67759997,,0.4818,,,0.5396,,,0.5742,0.71959996,,0.49379998,,0.5186,,0.434,0.7452,0.7532,,,0.23359999,0.2272,0.2696,0.3412,0.2244,0.3636,,,0.3408,,0.26819998,0.31939998,,,,,,,,,,,,,,,,,,,,,,,,,,,,,,,,,,,,,,,,,,,,,,,,,,,,,,,,,,,,,,,,,,,,,,,,,,,,,,,,,,,,,1.1805999,,,,,,,,,,,,,,,,,,,,,,,,,,,,,,,,0.54219997,,,0.5836,,,,,0.2816,0.5402,,0.3294,,0.2616,0.3242,0.2852,,0.32099998,0.3672,0.3038,,,,,,,,,,,,,,,,,,,,,,,,,,,,,,,,,,,,,,,,,,,,,,,,,,,,,,,,,,,,,,,,,,,,,,,,,,,,,,,,,,,,,,,,,,,,1.0632,1.1922,,,0.3462,,0.42659998,,0.3902,,0.2742,0.30539998,,0.30519998,,,,0.038399998,0.0039999997,,0.2294,,,0.41979998,,,,,,,,,,0.5114,0.4944,0.48279998,,0.4732,,0.40199998,0.3752,0.3502,0.3378,0.35279998,0.3594,0.38239998,,0.391,0.3362,0.4062,0.278,,0.6292,,,,0.6792,,,,,,,,,,,,,,,,,,,,,,,,,,,,,,,,,,,,,,,,,,,,,,,,,,,,,,,,,,,,,,,,,,,,,,,,,,,,,,,,,,,,,,,,,,,,,,,,,,,,,,,,,,,,,,,,,,,,,,,,,,,,,,,,,,,,,,,,,,0.75879997,,,,,,,,,,,,,,,,,,,,,,,,,,,,,,,,,,,,,,,,,,,,,,,,,,,,,,,,,,,,,,,,,,,,,,,,,,,,,,,,,,,,,,1.8276,1.8252,1.3853999,1.3936,,,0.5478,,0.3278,,,0.44079998,0.262,0.2294,0.2456,,0.25059998,0.82699996,1.0014,,0.5776,0.4854,0.43219998,0.3046,0.4484,0.326,,,,0.39319998,,0.48459998,,,0.48839998,0.3266,0.3184,0.34059998,0.3814,0.396,,,,,,,,,,0.01,,,0.1688,0.1266,,,0.0664,0.083,,,,,,,,,,,,,,,,,,,,,,,,,,,,,,,,,,,,,,,,,,,,,,,,,,,,,,,,,,,,,,,,,,,,,,,,,,,,,,,,,,,,,,,,,,,,,,,,,,,,,,,,,,,,,,,,,,,,,,,,,,,,,,,,,,,,,,,,,,,,,,,,,,,,,,,,,,,,,,,,,,,,,,,,,,,,,,,,,,,,,,,,,,,,,,,,,,,,,,,,,,,,,,,,,,,,,,,,,,,,,,,,,,,1.3504,1.4172,1.4912,1.4607999,1.4534,,,,,0.7068,,,,,,,,,,,,,,,,,,,,,,,,,,,,,,,,,,,,,,,,,,,,,,,,,,,,,,,,,,,,,,,,,,,,,,,,,,,,,,,,,,,,,,,,,,,,,,,,,,,,,,,,,,,,,,,,,,,,,,,,,,,,,,,,,,,,,,,1.8146,,,,0.2872,,,0.417,,,,0.996,,,,,,,,,,,,,,,,,,,,,,,,,,,,,,,,,,,,,,,,,,,,,,,,,,,,,,,,,,,,,,,,,,,,,,,,,,,
6,Đà Nẵng: Khuôn viên trường ĐH sư phạm Đà Nẵng (KK),16.0406,108.2125,,,,,,,,,,,,,,,,,,,,,,,,,,,,,,,,,,,,,,,,,,,,,,,,,,,,,,,,,,,,,,,,,,,,,,,,,,,,,,,,,,,,,,,,,,,,,,,,,,,,,,,,,,,,,,,,,,,,,,,,,,,,,,,,,,,,,,,,,,,,,,,,0.5398,0.4506,0.47439998,0.2994,0.7272,,,,0.75339997,0.3542,,,0.4614,,,0.4818,0.45279998,0.4516,0.4378,0.479,0.464,0.4222,0.73359996,0.83059996,0.9852,0.8864,0.97179997,0.732,0.99399996,1.0016,0.95299995,1.0333999,0.9842,0.9704,0.7952,0.73719996,0.8444,0.7522,1.0145999,0.79459995,0.9126,0.7556,0.99039996,0.9212,0.8616,0.8544,,,1.0052,,,,,,,,0.7442,0.747,,,,,,,,,,,,,,,,,,,,,,,,,,,,,,,,,,,,,,,,,,,,,,,,,,,,,,,,,,,,,,,,,,,,,,,,,,,,,,,,,,,,,,,,,,,,,,,,,,,,,,,,,,,,1.2681999,,1.2406,,,,,,,,,,,,,,,,,,,,,,,,,,,,,,,,,,,,,,,,,,,,,,,,,,,,,,,,,,,,,,,,,,,,,,,,,,,,,,,,,,,,,,,,,,,,,,,,,,,,,,,,,,,,,,,,,,,,,,,,,,,,,,,,0.5708,0.5538,0.62799996,0.5408,0.5726,,0.8538,,,,0.7732,,,,,,,,,,1.1608,,,0.8684,0.81439996,0.98099995,0.8296,0.7486,0.7894,0.854,0.7888,0.7856,0.83779997,0.7926,0.80039996,0.7298,0.73579997,0.7328,0.71919996,0.736,0.7554,0.5118,0.58739996,,,0.6034,0.6102,,,,,,,,,,,,,,,,,,,,,,,,,,,,,,,,,,,,,,,,,,,,,,,,,,,,,,,,,,,,,,,,,,,,,,,,,,,,,,,,,,,,,,,,,,,,,,,,,,,,,,,,,,,,0.49879998,0.3976,0.39319998,0.7258,0.85279995,0.72139996,,1.1536,,0.56159997,0.53279996,0.5286,0.6368,0.4718,0.46359998,0.561,0.6874,0.5772,0.57019997,0.618,0.654,0.443,,0.606,0.5908,0.43019998,0.318,,,0.43219998,0.39999998,,,,,,,,,,,,,,,,,,,,,,,,,,,,,,,,,,,,,,,,,,,,,,,,,,,,,,,,,,,,,,,,,,,,,,,,,,,,,,,,,,,,,,,,,,,,,,,,1.1852,,,,0.8472,,,,,,,,,0.5864,0.5848,0.557,1.0037999,0.6282,,1.0006,0.9734,0.9948,0.97179997,0.9766,0.95059997,0.68579996,0.65459996,0.6588,0.657,0.631,0.6788,,0.6222,0.6162,0.6368,0.6204,0.6412,,,,,,,,,,,,,,,,,,,,,,,,,,,,,,,,,,,,,,,,,,,,,,,,,,,,,,,,,,,,,,,,,,,,,,,,,,,,,,,,,,,,,,,,,,,,,,,,,,,,,,,,,,,,,,,,,,,,,,,,,,,,,,,,,,,,,,,,,,,,,,,,,1.1898,,,1.3033999,,,,,,,,,,,,,,,,,,,,,,,,,,,,,,,,,,,,,,,,,,,,,,,,,,,,,,,,,,,,,,,,,,,,,,,,,,,,,,,,,,,,,,,,,,,,,,,,0.0138,0.0082,,,,0.029399998,0.022,0.00059999997,0.034399997,0.0396,0.019199999,0.054399997,,0.0512,,0.012,,0.084199995,,,0.036399998,,,,,,,,,0.243,,,,,0.24939999,,0.166,,,0.24579999,,,,,,,,,,,,,,,,,,,,,,,,,,,,,,,,,,,,,,,,,,,,,,,,,,,,,,,,,,,,,,,,,,,,,,,,,,,,,,,,,,,,,,,,,,,,,,,,0.1762,0.65,0.477,0.34759998,0.73859996,0.1252,0.0892,0.189,0.1894,0.1392,0.1286,0.15619999,,0.021399999,0.17539999,0.21079999,0.44779998,0.371,0.552,,0.486,0.58779997,,0.4418,,0.4368,,0.38799998,1.2034,,,,0.8764,,0.6376,0.4398,0.43879998,0.5432,,0.3836,0.39839998,0.501,,0.3196,0.3592,0.3874,0.0394,,,,,,0.0139999995,,,,,,,,,,,,,,,,,,,,,,,,,,,,,,,,,,,,,
7,Thái nguyên: Đường Hùng Vương - Tp Thái Nguyên (KK),21.5928,105.8442,,0.99499995,0.8426,1.5084,1.2384,,,,,1.4053999,,,,,,,,,,,,,,,,,,,,,,,,,,,,,,,,,,,,,,,,,,,,,,,,,,,,,,,,,,,,,,,,,,,,,,,,,,,,,,,,,,,,,,,,,,,,,,,,,,,,,,,,,,,,,,,,,,,,,,,,,,,,,,,,,,,,,,,,,,,,,,,,,,,,,,,,,,,,,,,,,,,,,,,,,,,,,,,,,,,,,,,,,,,,,,,,,,,,,,,,,,,,,,,,,,,,,,,,,,,,,,,,,,,,,,,,,,,,,,,,,,,,,,,,,,,,,,,,,,,,,,,,,,,,,,,,,,,,,,,,,,,,,,,,,,,,,,,,,,,,,,,,,,,,,,,,,,,,,,,,,,,,,,,,,,,,,,,,,,,,,,,,,,,,,,,,,,,,,,,,,,,,,,,,,,,,,,,,,,,,,,,,,,,,,,,,,,,,,,,,,,,,,,,,,,,,,,,,,,,,,,,,,,,,,,,,,,,,,,,,,,,,,,,,,,,,,,,,,,,,,,,,,,,,,,,,,,,,,,,,,,,,,,,,,,,,,,,,,,,,,,,,,,,,,,,,,,,,,,,,,,,,,,,,,,,,,,,,,,,,,,,,,,,,,,,,,,,,,,,,,,,,,,,,,,,,,,,,,,,,,,,,,,,,,,,,,,,,,,,,,,,,,,,,,,1.4083999,,,,,,,,,,,,,,,,,,,,,,,,,,,,,,,,,,,,,,,,,,,,,,,,,,,,,,,,,,,,,,,,,,,,,,,,,,,,,,,,,,,,,,,,,,,,,,,,,,,,,,,,,,,,,,,,,,,,,,,,,,,,,,,,,,,,,,,,,,,,,,,,,,,,,,,,,,,,,,,,,,,,,,,,,,,,,,,,,,,,,,,,,,,,,,,,,,,,,,,,,,,,,,,,,,,,,,,,,,,,,,,,,,,,,,,,,,,,,,,,,,,,,,,,,,,,,,,,,,,,,,,,,,,,,,,,,,,,,,,,,,,,,,,,,,,,,,,,,,,,,,,,,,,,,,,,,,,,,,,,,,,,,,,,,,,,,,,,,,,,,,,,,,,,,,,,,,,,,,,,,,,,,,,,,,,,,,,,,,,,,,,,,,,,,,,,,,,,,,,,,,,,,,,,,,,,,,,,,,,,,,,,,,,,,,,,,,,,,,,,,,,,,,,,,,,,,,,,,,,,,,,,,,,,,,,,,,,,,,,,,,,,,,,,,,,,,,,,,,,,,,,,,,,,,,,,,,,,,,,,,,,,,,,,,,,,,,,,,,,,,,,,,,,,,,,,0.6902,,,,,,,,,,,,,,,,,,,,,,,,,,,,,,,,,,,,,,,,,,,,,,,,,,,
8,Phú Thọ: đường Hùng Vương - Tp Việt Trì (KK),21.3019,105.4308,,,1.7152,1.3496,,,1.267,1.3392,1.2739999,1.3252,,1.2839999,1.2426,1.1999999,1.1539999,1.2501999,,1.2226,,,,1.4025999,1.2218,1.515,1.5674,,,1.5137999,,2.405,,,,,,,,,,,,,1.4294,1.5489999,1.5442,,1.6459999,1.7908,1.7429999,2.0556,2.2749999,2.7688,,,,,,,,,,,,,,,,,,,,,,,,,,,,,,,,,,,,,,,,,,,,,,,,,,,,,,,,,,,,,,,,,,,,,,,,,,,,,,,,,,,,,,,,,,,,,,,,,,,,,,,,,,,,,,,,,,,,,,,,,,,,,,,,,,,,,,,,,,,,,,,,,,,,,,,,,,,,,,,,,,,,,,,,,,,,,,,,,,,,,,,,,,,,,,,,,,,,,,,,,,,,,,,,,,,,,,,,,,,,,,,,,,,,,,,,,,,,,,,,,,,,,,,,,,,,,,,,,,,,,,,,,,,,,,,,,,,,,,,,,,,,,,,,,,,,,,,,,,,,,,,,,,,,,,,,,,,,,,,,,,,,,,,,,,,,,,,,,,,,,,,,,,,,,,,,,,,,,,,,,,,,,,,,,,,,,,,,,,,,,,,,,,,,,,,,,,,,,,,,,,,,,,,,,,,,,,,,,,,,,,,,,,,,,,,,,,,,,,,,,,,,,,,,,,,,,,,,,,,,,,,,,,,,,,,,,,,,,,,,,,,,,,,,,,,,,,,,,,,,,,,,,,,,,,,,,,,,,,,,,,,,,,,,,,,,,,,,,,,,,,,,,1.6899999,,,,,2.1848,,,,,,1.591,1.2994,1.122,1.3036,1.2537999,1.318,0.877,,,,1.0344,0.9662,,,,,,,,,,,,,,,,,,,,,,,,,,,,,,,,,,,,,,,,,,,,,,,,,,,,,,,,,,,,,,,,,,,,,,,,,,,,,,,,,,,,,,,,,,,,,,,,,,,,,,,,,,,,,,,,,,,,,,,,,,,,,,,,,,,,,,,,,,,,,,,,,,,,,,,,,,,,,,,,,,,,,,,,,,,,,,,,,,,,,,,,,,,,,,,,,,,,,,,,,,,,,,,,,,,,,,,,,,,,,,,,,,,,,,,,,,,,,,,,,,,,,,,,,,,,,,,,,,,,,,,,,,,,,,,,,,,,,,,,,,,,,,,,,,,,,,,,,,,,,,,,,,,,,,,,,,,,,,,,,,,,,,,,,,,,,,,,,,,,,,,,,,,,,,,,,,,,,,,,,,,,,,,,,,,,,,,,,,,,,,,,,,,,,,,,,,,,,,,,,,,,,,,,,,,,,,,,,,,,,,,,,,,,,,,,,,,,,,,,,,,,,,,,,,,,,,,,,,,,,,,,,,,,,,,,,,,,,,,,,,,,,,,,,,,,,,,,,,,,,,,,,,,,,,,,,,,,,,,,,,,,,,,,,,,,,,,,,,,,,,,,,,,,,,,,,,,,,,,,,,,,,,,,,,,,,,,,,,,,,,,,,,,,,,,,,,,,,,,,,,,,
9,Bắc Giang: Khu liên cơ quan tỉnh Bắc Giang - P. Ngô Quyền - TP. Bắc Giang (KK),21.2667,106.2,,,,,1.1618,,1.3988,,,,,,,,1.3426,1.3986,1.3402,,,,,,,,,,,,,,,,,,,,,,,,,,,,,,,,,,,,,,,,,,,,,,,,,,,,,,,,,,,,,,,,,,,,,,,,,,,,,,,,,,,,,,,,,,,,,,,,,,,,,,,,,,,,,,,,,,,,,,,,,,,,,,,,,,,,,,,,,,,,,,,,,,,,,,,,,,,,,,,,,,,,,,,,,,,,,,,,,,,,,,,,,,,,,,,,,,,,,,,,,,,,,,,,,,,,,,,,,,,,,,,,,,,,,,,,,,,,,,,,,,,,,,,,,,,,,,,,,,,,,,,,,,,,,,,,,,,,,,,,,,,,,,,,,,,,,,,,,,,,,,,,,,,,,,,,,,,,,,,,,,,,,,,,,,,,,,,,,,,,,,,,,,,,,,,,,,,,,,,,,,,,,,,,,,,,,,,,,,,,,,,,,,,,,,,,,,,,,,,,,,,,,,,,,,,,,,,,,,,,,,,,,,,,,,,,,,,,,,,,,,,,,,,,,,,,,,,,,,,,,,,,,,,,,,,,,,,,,,,,,,,,,,,,,,,,,,,,,,,,,,,,,,,,,,,,,,,,,,,,,,,,,,,,,,,,,,,,,,,,,,,,,,,,,,,,,,,,,,,,,,,,,,,,,,,,,,,,,,,,,,,,,,,,,,,,,,,,,,,,,,,,,,,,,,,,,,,,,,,,,,,,,,,,,,,,,,,,,,,,,,,,,,,,,,,,,,,,,,,,,,,,,,,,,,,,,,,,,,,,,,,,,,,,,,,,,,,,,,,,,,,,,,,,,,,,,,,,,,,,,,,,,,,,,,,,,,,,,,,,,,,,,,,,,,,,,,,,,,,,,,,,,,,,,,,,,,,,,,,,,,,,,,,,,,,,,,,,,,,,,,,,,,,,,,,,,,,,,,,,,,,,,,,,,,,,,,,,,,,,,,,,,,,,,,,,,,,,,,,,,,,,,,,,,,,,,,,,,,,,,,,,,,,,,,,,,,,,,,,,,,,,,,,,,,,,,,,,,,,,,,,,,,,,,,,,,,,,,,,,,,,,,,,,,,,,,,,,,,,,,,,,,,,,,,,,,,,,,,,,,,,,,,,,,,,,,,,,,,,,,,,,,,,,,,,,,,,,,,,,,,,,,,,,,,,,,,,,,,,,,,,,,,,,,,,,,,,,,,,,,,,,,,,,,,,,,,,,,,,,,,,,,,,,,,,,,,,,,,,,,,,,,,,,,,,,,,,,,,,,,,,,,,,,,,,,,,,,,,,,,,,,,,,,,,,0.9834,,1.008,,,,,,,,,,,,0.516,,,,,,,,,,,,,,,,,,,,,,,,,,,,,,,,,,,,,,,,,
10,Hà Nam: Công Viên Nam Cao - P.Quang Trung - TP. Phủ Lý (KK),20.5411,105.9139,,,1.0491999,,1.0128,,,1.0246,1.0404,,,1.0634,,1.002,,,,1.003,1.0134,1.0,1.0114,1.0275999,0.97279996,1.0952,1.0852,1.1273999,1.1716,1.0918,1.175,1.2035999,1.3723999,1.3726,,1.2889999,,2.5328,2.4812,,2.5318,2.1548,,,2.6383998,2.3497999,,,,1.3482,1.3712,1.4,1.4016,,,,,,,,,,,,,,,,,,,,,,,,,,,,,,,,,,,,,,,,,,,,,,,,,,,,,,,,,,,,,,,,,,,,,,,,,,,,,,,,,,,,,,,,,,,,,,,,,,,,,,,,,,,,,,,,,,,,,,,,,,,,,,,,,,,,,,,,,,,,,,,,,,,,,,,,,,,,,,,,,,,,,,,,,,,,,,,,,,,,,,,,,,,,,,,,,,,,,,,,,,,,,,,,,,,,,,,,,,,,,,,,,,,,,,,,,,,,,,,,,,,,,,,,,,,,,,,,,,,,,,,,,,,,,,,,,,,,,,,,,,,,,,,,,,,,,,,,,,,,,,,,,,,,,,,,,,,,,,,,,,,,,,,,,,,,,,,,,,,,,,,,,,,,,,,,,,,,,,,,,,,,,,,,,,,,,,,,,,,,,,,,,,,,,,,,,,,,,,,,,,,,,,,,,,,,,,,,,,,,,,,,,,,,,,,,,,,,,,,,,,,,,,,,,,,,,,,,,,,,,,,,,,,,,,,,,,,,,,,,,,,,,,,,,,,,,,,,,,,,,,,,,,,,,,,,,,,,,,,,,,,,,,,,,,,0.7084,0.8344,,0.797,,,,,,,,,,0.6796,,,,,,,3.5219998,,,,,,,,,,,,,,,,,,,,,,,,,,,,,,,,,,,,,,,,,,,,,,,,,,,,,,,,,,,,,,,,,,,,,,,,,,,,,,,,,,,,,,,,,,,,,,,,,,,,,,,,,,,,,,,,,,,,,,,,,,,,,,,,,,,,,,,,,,,,,,,,,,,,,,,,,,,,,,,,,,,,,,,,,,,,,,,,,,,,,,,,,,,,,,,,,,,,,,,,,,,,,,,,,,,,,,,,,,,,,,,,,,,,,,,,,,,,,,,,,,,,,,,,,,,,,,,,,,,,,,,,,,,,,,,,,,,,,,,,,,,,,,,,,,,,,,,,,,,,,,,,,,,,,,,,,,,,,,,,,,,,,,,,,,,,,,,,,,,,,,,,,,,,,,,,,,,,,,,,,,,,,,,,,,,,,,,,,,,,,,,,,,,,,,,,,,,,,,,,,,,,,,,,,,,,,,,,,,,,1.0184,,1.015,,,,,,,,,1.5838,,,,1.4965999,1.8587999,0.9788,,,0.8998,,,,,,,,,,,,,,,,,,,,,,,,,,,,,,,,,,,,,,,,,,,,,,,,,,,,,,,,,,,,,,,,,,,,,,,,,,,,,,,,,,,,,,,,,,,,,,,,,,,,,,,,,,,,,,,,,,,,,,,,,,,,,,,,,,,1.0613999,,,,,,1.0064,,,,,,,,,,,,,,,,,,,,,,,,,,,,,,,,,,,,,,,,,,,,
11,"Bình Dương: số 593 Đại lộ Bình Dương, P. Hiệp Thành (KK)",10.9667,106.65,,0.6696,0.4958,0.56839997,,,0.3848,,,,,,,,,,0.8828,,0.74579996,0.4184,0.54539996,,,0.45299998,0.4676,0.49879998,,0.47059998,0.62,,,,,0.694,,,,,,,,,,,,,,,,,,,,,,,,,,,,,,,,,,,,,,,,,,,,,,,,,,,,,,,,,,,,,,,,,,,,,,,,,,,,,,,,,,,,,,,,,,,,,,,,,,,,,,,,,,,,,,0.116799995,0.1704,0.15879999,0.12,0.014599999,0.096,0.121999994,0.099599995,0.159,0.1584,0.112799995,0.043399997,,0.0016,0.015999999,0.0058,0.6544,0.7582,0.3398,0.2512,1.1022,0.4044,0.3726,0.383,,0.4062,,0.64239997,,,,,,,,,,,,,,,,,,,,,,,,,0.1584,,,,,0.1836,,,,,,,,,,,,,,,,,,,,,,,,,,,,,,,,,,,,,,,,,,,,,,,,,,,,,,,,,,,,,,,,,,,,,,,,,,,,,,,,,,,,,0.4786,0.8964,0.403,0.92359996,0.40879998,0.34,0.30719998,0.3164,0.268,0.2368,0.3356,0.3322,,,,0.523,,,,,,,,,,,,,,,,,,,,,,,,,,,,,,,,,,,,,,,,,,,,,,,,,,,,,,,,,,,,,,,,,,,,,,,,,,,,,,,,,,,,,,,,,,,,,,,,,,,,,,,,,,,,,,,,,,,,,,,,,,,,,,,,,,,,,0.76739997,,,,,,,,,0.043199997,0.3304,,0.5664,0.6476,,0.3698,0.3746,0.3768,0.2626,,0.2006,0.21599999,0.2174,0.38639998,0.24679999,,0.3594,0.3012,,,,,,,,,,,,,,,,,,,0.4664,,,,,0.7884,,,,,,,,,,,,,,,,,,,,,,,,,,,,,,,,,,,,,,,,,,,,,,,,,,,,,,,,,,,,,,,,,,,,,,,,,,,,,,,,,,,,,,,,,,,,,,,,,,,,,,,,,,,,,,,,,,,,,,,,,,,,,,,,,,,,,,,,,,,,,,,,,,,,,,,,,,,,,,,,,,,,,,,,,,,,,,,,,,,,,,,,,,,,,,,,,,,,,,,,,,,,,,,,,,,,,,,,,,,,,,,,0.44059998,0.443,,,,0.4174,,,,,,,,,0.3768,0.527,0.4572,0.8254,0.6692,0.983,,0.7984,,,,,1.0762,,0.76559997,,,,,,,,,,,,,,,,,,,,,,,,,,,,,,,,,,,,,,,,,,,,,,,,,,,,,,,,,,,,,,,,,,,,,,,,,,,,,,,,,,,,,,,,,,,,,,,,,,,,,,,,,,,,,,,,,,1.119,,1.1079999,0.87079996,0.6466,1.1195999,,,,,,,,,,,,,,,,,,,,,,,,,,,,,,,,,,,,,,,,,,,,,,,,,,,,,,,,,,,,,,,,,,,,,,,,,,,,,,,,,,,,,,,,,,,,,,,,,,,,,,,,,,,,,,,,,,,,,,,,,,,,,,,,,,,,,,,,,,,,,,,,,,,,,,,,,,,,,,,,,,,,,,,,,,,,1.0404,,,0.8082,0.9324,,,,,,,,,,,,0.1698,,0.3084,,,,,,,,,,,,,,,,,,,,,,,,,,,,,,,,,,,,,,,,,,,,,,,,,,,,,,,,,,,,,,,,,,,,,,,,,,,,,,,,,,,,,,,0.1336,,0.2582,0.44739997,0.452,,,,,,,,,,,,,0.39299998,,,,,,,,,,,,,,,,,,,,,,,,,,,,,,,,,,,,,,,,,,,,,,,,,,,,,,,,,,,,,,,,,,,,,,,,,
12,Hải Phòng,20.8225,106.7266,,,,,,,,,,,1.2434,,1.265,,,1.2626,,,,,,,,,,,,,,,,,,,,,,,,,,,,,,,,,,,,,,,,,,,,,,,,,,,,,,,,,,,,,,,,,,,,,,,,,,,,,,,,,,,,,,,,,,,,,,,,,,,,,,,,,,,,,,,,,,,,,,,,,,,,,,,,,,,,,,,,,,,,,,,,,,,,,,,,,,,,,,,,,,,,,,,,,,,,,,,,,,,,,,,,,,,,,,,,,,,,,,,,,,,,,,,,,,,,,,,,,,,,,,,,,,,,,,,,,,,,,,,,,,,,,,,,,,,,,,,,,,,,,,,,,,,,,,,,,,,,,,,,,,,,,,,,,,,,,,,,,,,,,,,,,,,,,,,,,,,,,,,,,,,,,,,,,,,,,,,,,,,,,,,,,,,,,,,,,,,,,,,,,,,,,,,,,,,,,,,,,,,,,,,,,,,,,,,,,,,,,,,,,,,,,,,,,,,,,,,,,,,,,,,,,,,,,,,,,,,,,,,,,,,,,,,,,,,,,,,,,,,,,,,,,,,,,,,,,,,,,,,,,,,,,,,,,,,,,,,,,,,,,,,,,,,,,,,,,,,,,,,,,,,,,,,,,,,,,,,,,,,,,,,,,,,,,,,,,,,,,,,,,,,,,,,,,,,,,,,,,,,,,,,,,,,,,,,,,,,,,,,,,,,,,,,,,,,,,,,,,,,,,,,,,,,,,,,,,,,,,,,,,,,,,,,,,,,,,,,,,,,,,,,,,,,,,,,,,,,,,,,,,,,,,,,,,,,,,,,,,,,,,,,,,,,,,,,,,,,,,,,,,,,,,,,,,,,,,,,,,,,,,,,,,,,,,,,,,,,,,,,,,,,,,,,,,,,,,,,,,,,,,,,,,,,,,,,,,,,,,,,,,,,,,,,,,,,,,,,,,,,,,,,,,,,,,,,,,,,,,,,,,,,,,,,,,,,,,,,,,,,,,,,,,,,,,,,,,,,,,,,,,,,,,,,,,,,,,,,,,,,,,,,,,,,,,,,,,,,,,,,,,,,,,,,,,,,,,,,,,,,,,,,,,,,,,,,,,,,,,,,,,,,,,,,,,,,,,,,,,,,,,,,,,,,,,,,,,,,,,,,,,,,,,,,,,,,,,,,,,,,,,,,,,,,,,,,,,,,,,,,,,,,,,,,,,,,,,,,,,,,,,,,,,,,,,,,,,,,,,,,,,,,,,,,,,,,,,,,,,,,,,,,,,,,,,,,,,,,,,,,,,,,,,,,,,,,,,,,,,,,,,,,,1.0092,,0.95739996,0.9916,0.9736,,,1.058,,0.8732,0.9672,,,0.87219995,1.0116,1.0929999,,0.81619996,0.90139997,0.89159995,,,,,,,,,,,,,,,,,,,,,,,,,,,,,,,,,,,,,,,,,,,,
13,Huế,16.4333,107.5833,,,,,,,,,,,,,,,,,,,,,,,,,,,,,,,,,,,,,,,,,,,,,,,,,,,,,,,,,,,,,,,,,,,,,,,,,,,,,,,,,,,,,,,,,,,,,,,,,,,,,,,,,,,,,,,,,,,,,,,,,,,,,,,,,,,,,,,,,,,,,,,,,,,,,,,,,,,,,,,,,,,,,,,,,,,,,,,,,,,,,,,,,,,,,,,,,,,,,,,,,,,,,,,,,,,,,,,,,,,,,,,,,,,,,,,,,,,,,,,,,,,,,,,,,,,,,,,,,,,,,,,,,,,,,,,,,,,,,,,,,,,,,,,,,,,,,,,,,,,,,,,,,,,,,,,,,,,,,,,,,,,,,,,,,,,,,,,,,,,,,,,,,,,,,,,,,,,,,,,,,,,,,,,,,,,,,,,,,,,,,,,,,,,,,,,,,,,,,,,,,,,,,,,,,,,,,,,,,,,,,,,,,,,,,,,,,,,,,,,,,,,,,,,,,,,,,,,,,,,,,,,,,,,,,,,,,,,,,,,,,,,,,,,,,,,,,,,,,,,,,,,,,,,,,,,,,,,,,,,,,,,,,,,,,,,,,,,,,,,,,,,,,,,,,,,,,,,,,,,,,,,,,,,,,,,,,,,,,,,,,,,,,,,,,,,,,,,,,,1.5446,,1.4183999,,,,,,,,,,,,,,,,,,,,,,,,,,,,,,,,,,,,,,,,,,,,,,,,,,,,,,,,,,,,,,,,,,,,,,,,,,,,,,,,,,,,,,,,,,,,,,,,,,,,,,,,,,,,,,,,,,,,,,,,,,,,,,,,,,,,,,,,,,,,,,,,,,,,,,,,,,,,,,,,,,,,,,,,,,,,,,,,,,,,,,,,,,,,,,,,,,,,,,,,,,,,,,,,,,,,,,,,,,,,,,,,,,,,,,,,,,,,,,,,,,,,,,,,,,,,,,,,,,,,,,,,,,,,,,,,,,,,,,,,,,,,,,,,,,,,,,,,,,,,,,,,,,,,,,,,,,,,,,,,,,,,,,,,,,,,,,,,,,,,,,,,,,,,,,,,,,,,,,,,,,,,,,,,,,,,,,,,,,,,,,,,,,,,,,,,,,0.029,,,,0.040999997,0.0244,0.0142,0.033999998,,0.0092,0.0268,,0.0414,0.044,0.0374,,,,0.0822,,,,,,,,,,,,,,,,,,,,,,,,,,,,,,,,,,,,,,,,,,,,,,,,,,,,,,,,,,,,,,,,,,,,,,,,,,,,,,,,,,,,,,,,,,,,,,,,,,,,,,,,,,,,,,,,,,,,,,,,,,,0.4112,,0.0164,,0.20719999,0.125,0.15699999,0.0916,0.1638,0.0738,0.1584,0.086799994,,0.17539999,0.0964,,0.13,,,,,,,,1.2712,0.91539997,,0.868,,,,0.45099998,,,,,,,,,,,,,,,,,,,,,,,,,,,,,,,,,,,,,,,,,,,,,,,,,,,,,,,,,
